-- MySQL dump 10.13  Distrib 8.0.30, for Win64 (x86_64)
--
-- Host: localhost    Database: book
-- ------------------------------------------------------
-- Server version	8.0.30

/*!40101 SET @OLD_CHARACTER_SET_CLIENT=@@CHARACTER_SET_CLIENT */;
/*!40101 SET @OLD_CHARACTER_SET_RESULTS=@@CHARACTER_SET_RESULTS */;
/*!40101 SET @OLD_COLLATION_CONNECTION=@@COLLATION_CONNECTION */;
/*!50503 SET NAMES utf8 */;
/*!40103 SET @OLD_TIME_ZONE=@@TIME_ZONE */;
/*!40103 SET TIME_ZONE='+00:00' */;
/*!40014 SET @OLD_UNIQUE_CHECKS=@@UNIQUE_CHECKS, UNIQUE_CHECKS=0 */;
/*!40014 SET @OLD_FOREIGN_KEY_CHECKS=@@FOREIGN_KEY_CHECKS, FOREIGN_KEY_CHECKS=0 */;
/*!40101 SET @OLD_SQL_MODE=@@SQL_MODE, SQL_MODE='NO_AUTO_VALUE_ON_ZERO' */;
/*!40111 SET @OLD_SQL_NOTES=@@SQL_NOTES, SQL_NOTES=0 */;

--
-- Table structure for table `bookk`
--

DROP TABLE IF EXISTS `bookk`;
/*!40101 SET @saved_cs_client     = @@character_set_client */;
/*!50503 SET character_set_client = utf8mb4 */;
CREATE TABLE `bookk` (
  `book_id` int NOT NULL AUTO_INCREMENT,
  `title` varchar(50) NOT NULL,
  `author` varchar(30) NOT NULL,
  `price` decimal(8,2) NOT NULL,
  `amount` int NOT NULL,
  `buy` int DEFAULT NULL,
  PRIMARY KEY (`book_id`)
) ENGINE=InnoDB AUTO_INCREMENT=10 DEFAULT CHARSET=utf8mb3;
/*!40101 SET character_set_client = @saved_cs_client */;

--
-- Dumping data for table `bookk`
--

LOCK TABLES `bookk` WRITE;
/*!40000 ALTER TABLE `bookk` DISABLE KEYS */;
INSERT INTO `bookk` VALUES (1,'Белая гвардия','Булгаков М.А.',477.19,19,0),(2,'Идиот','Достоевский Ф.М.',331.72,16,0),(3,'Братья Карамазовы','Достоевский Ф.М.',471.81,2,0),(4,'Белая гвардия','Булгаков М.А.',477.19,19,0),(5,'Идиот','Достоевский Ф.М.',331.72,16,0),(6,'Братья Карамазовы','Достоевский Ф.М.',471.81,2,0),(7,'Лирика','Пастернак Б.Л.',465.86,6,0),(8,'Черный человек','Есенин С.А.',503.41,18,0);
/*!40000 ALTER TABLE `bookk` ENABLE KEYS */;
UNLOCK TABLES;

--
-- Table structure for table `supply`
--

DROP TABLE IF EXISTS `supply`;
/*!40101 SET @saved_cs_client     = @@character_set_client */;
/*!50503 SET character_set_client = utf8mb4 */;
CREATE TABLE `supply` (
  `supply_id` int NOT NULL AUTO_INCREMENT,
  `title` varchar(50) DEFAULT NULL,
  `author` varchar(30) DEFAULT NULL,
  `price` decimal(8,2) DEFAULT NULL,
  `amount` int DEFAULT NULL,
  PRIMARY KEY (`supply_id`)
) ENGINE=InnoDB AUTO_INCREMENT=5 DEFAULT CHARSET=utf8mb3;
/*!40101 SET character_set_client = @saved_cs_client */;

--
-- Dumping data for table `supply`
--

LOCK TABLES `supply` WRITE;
/*!40000 ALTER TABLE `supply` DISABLE KEYS */;
INSERT INTO `supply` VALUES (1,'Лирика','Пастернак Б.Л.',518.99,2),(2,'Черный человек','Есенин С.А.',570.20,6),(3,'Белая гвардия','Булгаков М.А.',540.50,7),(4,'Идиот','Достоевский Ф.М.',360.80,3);
/*!40000 ALTER TABLE `supply` ENABLE KEYS */;
UNLOCK TABLES;
/*!40103 SET TIME_ZONE=@OLD_TIME_ZONE */;

/*!40101 SET SQL_MODE=@OLD_SQL_MODE */;
/*!40014 SET FOREIGN_KEY_CHECKS=@OLD_FOREIGN_KEY_CHECKS */;
/*!40014 SET UNIQUE_CHECKS=@OLD_UNIQUE_CHECKS */;
/*!40101 SET CHARACTER_SET_CLIENT=@OLD_CHARACTER_SET_CLIENT */;
/*!40101 SET CHARACTER_SET_RESULTS=@OLD_CHARACTER_SET_RESULTS */;
/*!40101 SET COLLATION_CONNECTION=@OLD_COLLATION_CONNECTION */;
/*!40111 SET SQL_NOTES=@OLD_SQL_NOTES */;

-- Dump completed on 2022-10-31 11:00:21
-- 1.6.2
Вывести из таблицы trip информацию о командировках тех сотрудников, фамилия которых заканчивается на букву «а», в отсортированном по убыванию даты последнего дня командировки виде. В результат включить столбцы name, city, per_diem, date_first, date_last.
SELECT name, city, per_diem, date_first, date_last  FROM trip 
WHERE name LIKE '%а %' ORDER BY date_last DESC;

-- 1.6.3
Вывести в алфавитном порядке фамилии и инициалы тех сотрудников, которые были в командировке в Москве.
SELECT name FROM trip 
WHERE city = "Москва" GROUP BY name ORDER BY name ASC;


-- 1.6.4
Для каждого города посчитать, сколько раз сотрудники в нем были.  Информацию вывести в отсортированном в алфавитном порядке по названию городов. Вычисляемый столбец назвать Количество. 
SELECT city, (SELECT  COUNT(city)) AS Количество
FROM trip
GROUP BY city ORDER BY city;


-- 1.6.5
Вывести два города, в которых чаще всего были в командировках сотрудники. Вычисляемый столбец назвать Количество.
SELECT city, (SELECT  COUNT(city)) AS Количество
FROM trip
GROUP BY city ORDER BY Количество DESC LIMIT 2;


-- 1.6.6
Вывести информацию о командировках во все города кроме Москвы и Санкт-Петербурга (фамилии и инициалы сотрудников, город ,  длительность командировки в днях, при этом первый и последний день относится к периоду командировки). Последний столбец назвать Длительность. Информацию вывести в упорядоченном по убыванию длительности поездки, а потом по убыванию названий городов (в обратном алфавитном порядке).
SELECT name,city, (SELECT  DATEDIFF(date_last, date_first ) + 1) AS Длительность
FROM trip WHERE city <> "Москва" AND city <> "Санкт-Петербург" ORDER BY Длительность DESC ;

-- 1.6.7
Вывести информацию о командировках сотрудника(ов), которые были самыми короткими по времени. В результат включить столбцы name, city, date_first, date_last.
SELECT name, city, date_first, date_last 
FROM trip 
where DATEDIFF(date_last, date_first) IN (
    SELECT MIN(DATEDIFF(date_last, date_first))
    FROM trip
);          

-- 1.6.8
Вывести информацию о командировках, начало и конец которых относятся к одному месяцу (год может быть любой). В результат включить столбцы name, city, date_first, date_last. Строки отсортировать сначала  в алфавитном порядке по названию города, а затем по фамилии сотрудника .
SELECT name, city, date_first, date_last 
FROM trip 
where MONTH(date_last) = MONTH(date_first) ORDER BY city, name;

-- 1.6.9
Вывести название месяца и количество командировок для каждого месяца. Считаем, что командировка относится к некоторому месяцу, если она началась в этом месяце. Информацию вывести сначала в отсортированном по убыванию количества, а потом в алфавитном порядке по названию месяца виде. Название столбцов – Месяц и Количество.
SELECT  MONTHNAME(date_first) AS Месяц, Count(MONTHNAME(date_first)) AS Количество
FROM trip 
GROUP BY Месяц ORDER BY Количество DESC, Месяц;

-- 1.6.10
Вывести сумму суточных (произведение количества дней командировки и размера суточных) для командировок, первый день которых пришелся на февраль или март 2020 года. Значение суточных для каждой командировки занесено в столбец per_diem. Вывести фамилию и инициалы сотрудника, город, первый день командировки и сумму суточных. Последний столбец назвать Сумма. Информацию отсортировать сначала  в алфавитном порядке по фамилиям сотрудников, а затем по убыванию суммы суточных.
SELECT name, city, date_first, (DATEDIFF(date_last, date_first) +1) * per_diem  AS  Сумма 
FROM trip 
WHERE MONTH(date_first) = 2 OR MONTH(date_first) = 3 ORDER BY name, Сумма DESC;


-- 1.6.11
Вывести фамилию с инициалами и общую сумму суточных, полученных за все командировки для тех сотрудников, которые были в командировках больше чем 3 раза, в отсортированном по убыванию сумм суточных виде. Последний столбец назвать Сумма.
SELECT name, SUM((DATEDIFF(date_last, date_first) + 1) * per_diem) AS Сумма
FROM trip 
WHERE name IN (
    SELECT name
    FROM trip
    GROUP BY name 
    HAVING COUNT(name) > 3)
GROUP BY name 
ORDER BY Сумма DESC;

--  1.7.2
Создать таблицу fine следующей структуры
CREATE TABLE fine(
    fine_id INT PRIMARY KEY AUTO_INCREMENT,
    name VARCHAR(30),
    number_plate VARCHAR(6),
    violation VARCHAR(50),
    sum_fine DECIMAL(8,2),
    date_violation DATETIME,
    date_payment DATETIME	
);

-- 1.7.3
В таблицу fine первые 5 строк уже занесены. Добавить в таблицу записи с ключевыми значениями 6, 7, 8.
INSERT INTO fine(name, number_plate, violation, sum_fine, date_violation, date_payment)
values('Баранов П.Е.', 'Р523ВТ', 'Превышение скорости(от 40 до 60)', null, '2020-02-14', null),
('Абрамова К.А.', 'О111АВ', 'Проезд на запрещающий сигнал', null, '2020-02-23', null),
('Яковлев Г.Р.', 'Т330ТТ', 'Проезд на запрещающий сигнал', null, '2020-03-03', null);

-- 1.7.4
Занести в таблицу fine суммы штрафов, которые должен оплатить водитель, в соответствии с данными из таблицы traffic_violation. При этом суммы заносить только в пустые поля столбца  sum_fine.
UPDATE fine
SET sum_fine=(SELECT sum_fine FROM traffic_violation WHERE traffic_violation.violation=fine.violation)
WHERE sum_fine is NULL

-- 1.7.5
Вывести фамилию, номер машины и нарушение только для тех водителей, которые на одной машине нарушили одно и то же правило   два и более раз. При этом учитывать все нарушения, независимо от того оплачены они или нет. Информацию отсортировать в алфавитном порядке, сначала по фамилии водителя, потом по номеру машины и, наконец, по нарушению.
/*SELECT name, number_plate, violation
from fine
group by name, number_plate, violation
having count(*) > 1;*/;

-- 1.7.6
В таблице fine увеличить в два раза сумму неоплаченных штрафов для отобранных на предыдущем шаге записей. 
create table  NewTable AS 
(
    select name, number_plate, violation from fine 
GROUP BY name, number_plate, violation 
HAVING count(violation)>1
ORDER BY name, number_plate, violation
); 
UPDATE fine, NewTable 
SET sum_fine=sum_fine*2 
WHERE 
fine.name=NewTable.name AND fine.number_plate=NewTable.number_plate AND  fine.violation=NewTable.violation
AND fine.date_payment IS NULL; 
select * from fine;

-- 1.7.7
Необходимо:
в таблицу fine занести дату оплаты соответствующего штрафа из таблицы payment; 
уменьшить начисленный штраф в таблице fine в два раза  (только для тех штрафов, информация о которых занесена в таблицу payment) , если оплата произведена не позднее 20 дней со дня нарушения.
UPDATE fine f, payment p
SET f.date_payment = p.date_payment,
    f.sum_fine = IF(DATEDIFF(f.date_payment, f.date_violation) <= 20, f.sum_fine / 2, f.sum_fine)
WHERE f.name = p.name AND
      f.number_plate = p.number_plate AND
      f.violation = p.violation AND
      f.date_violation = p.date_violation AND
      f.date_payment IS NULL;

SELECT name, violation, sum_fine, date_violation, date_payment
FROM fine;

-- 1.7.8
Создать новую таблицу back_payment, куда внести информацию о неоплаченных штрафах (Фамилию и инициалы водителя, номер машины, нарушение, сумму штрафа  и  дату нарушения) из таблицы fine.
CREATE TABLE back_payment
    (SELECT name, number_plate, violation, sum_fine, date_violation
     FROM fine
     WHERE date_payment IS NULL);
     
SELECT * FROM back_payment;

-- 1.7.9
Удалить из таблицы fine информацию о нарушениях, совершенных раньше 1 февраля 2020 года. Удалить из таблицы fine информацию о нарушениях, совершенных раньше 1 февраля 2020 года. 
DELETE FROM fine
WHERE date_violation <'2020-02-01';
SELECT * FROM fine;

-- 1.8.2
На данном шаге можно найти шаги курса, в которых встречаются ключевые слова SQL, которые рассматриваются в курсе.

Для этого скопируйте один из запросов в окно решений, укажите нужные ключевые слова и запустите запрос. В окне решений будут выведены ссылки на соответствующие шаги.

Это НЕ ЗАДАНИЕ, а просто запросы, с помощью которых можно найти шаги, в которых встречаются те или иные ключевые слова. Выполнять не обязательно (это задание оценивается в 0 баллов). Это ПРОСТО ПОМОЩЬ для навигации по курсу.
SELECT 
   CONCAT(module_id,'.',lesson_position,".",step_position," ", CONCAT(LEFT(step_name, 50), '...')) AS Шаг,
   note AS Примечание
FROM step
        INNER JOIN lesson USING(lesson_id)
        INNER JOIN module USING(module_id)
        INNER JOIN step_keyword USING(step_id)
        INNER JOIN keyword USING(keyword_id)
WHERE keyword_name = 'DISTINCT'
ORDER BY 1;

-- 2.1.6
Создать таблицу author следующей структуры:
CREATE TABLE author (
        author_id	INT PRIMARY KEY AUTO_INCREMENT,
        name_author	VARCHAR(50)
);

-- 2.1.7
Заполнить таблицу author. В нее включить следующих авторов:

Булгаков М.А.
Достоевский Ф.М.
Есенин С.А.
Пастернак Б.Л.
insert into author (name_author) 
values ('Булгаков М.А.'), ('Достоевский Ф.М.'), ('Есенин С.А.'), ('Пастернак Б.Л.');

-- 2.1.8
Перепишите запрос на создание таблицы book , чтобы ее структура соответствовала структуре, показанной на логической схеме (таблица genre уже создана, порядок следования столбцов - как на логической схеме в таблице book, genre_id  - внешний ключ) . Для genre_id ограничение о недопустимости пустых значений не задавать. В качестве главной таблицы для описания поля  genre_idиспользовать таблицу genre следующей структуры:
CREATE TABLE book (
    book_id INT PRIMARY KEY AUTO_INCREMENT, 
    title VARCHAR(50), 
    author_id INT NOT NULL,
    genre_id INT,
    price DECIMAL(8,2), 
    amount INT, 
    FOREIGN KEY (author_id)  REFERENCES author (author_id),
    FOREIGN KEY (genre_id)  REFERENCES genre (genre_id)
);
-- 2.1.9
Создать таблицу book той же структуры, что и на предыдущем шаге. Будем считать, что при удалении автора из таблицы author, должны удаляться все записи о книгах из таблицы book, написанные этим автором. А при удалении жанра из таблицы genre для соответствующей записи book установить значение Null в столбце genre_id. 
CREATE TABLE book (
    book_id INT PRIMARY KEY AUTO_INCREMENT, 
    title VARCHAR(50), 
    author_id INT NOT NULL,
    genre_id INT,
    price DECIMAL(8,2), 
    amount INT, 
    FOREIGN KEY (author_id)  REFERENCES author (author_id) ON DELETE CASCADE,
    FOREIGN KEY (genre_id)  REFERENCES genre (genre_id) ON DELETE SET NULL
);

-- 2.1.11
Добавьте три последние записи (с ключевыми значениями 6, 7, 8) в таблицу book, первые 5 записей уже добавлены:
INSERT INTO book (title, author_id, genre_id, price, amount)
VALUES ('Стихотворения и поэмы',3,2,650.00,15),
 ('Черный человек',3,2,570.20,6),
('Лирика',4,2,518.99,2);

-- 2.2.2
Вывести название, жанр и цену тех книг, количество которых больше 8, в отсортированном по убыванию цены виде.
SELECT title, name_genre, price
FROM
genre INNER JOIN book
ON genre.genre_id = book.genre_id
WHERE amount >8 ORDER BY price DESC ;
-- 2.2.3
Вывести все жанры, которые не представлены в книгах на складе.
SELECT name_genre
FROM genre LEFT JOIN book
ON genre.genre_id = book.genre_id
WHERE book.genre_id IS NULL;
-- 2.2.4
Необходимо в каждом городе провести выставку книг каждого автора в течение 2020 года. Дату проведения выставки выбрать случайным образом. Создать запрос, который выведет город, автора и дату проведения выставки. Последний столбец назвать Дата. Информацию вывести, отсортировав сначала в алфавитном порядке по названиям городов, а потом по убыванию дат проведения выставок.
SELECT name_city, name_author, (DATE_ADD('2020-01-01', INTERVAL FLOOR(RAND() * 365) DAY)) as Дата
FROM 
    city, author    
    ORDER by name_city, Дата desc;
-- 2.2.5
Вывести информацию о книгах (жанр, книга, автор), относящихся к жанру, включающему слово «роман» в отсортированном по названиям книг виде.
SELECT name_genre, title, name_author
FROM
    book
    INNER JOIN  author ON author.author_id = book.author_id
    INNER JOIN genre ON genre.genre_id = book.genre_id
WHERE name_genre LIKE 'Роман' ORDER BY title;
-- 2.2.6
Посчитать количество экземпляров  книг каждого автора из таблицы author.  Вывести тех авторов,  количество книг которых меньше 10, в отсортированном по возрастанию количества виде. Последний столбец назвать Количество.
SELECT name_author, SUM(amount) AS Количество
FROM 
    author LEFT JOIN book
    on author.author_id = book.author_id
GROUP BY name_author
HAVING SUM(amount) < 10 OR SUM(amount) IS NULL
ORDER BY Количество;
-- 2.2.7
Вывести в алфавитном порядке всех авторов, которые пишут только в одном жанре. Поскольку у нас в таблицах так занесены данные, что у каждого автора книги только в одном жанре,  для этого запроса внесем изменения в таблицу book. Пусть у нас  книга Есенина «Черный человек» относится к жанру «Роман», а книга Булгакова «Белая гвардия» к «Приключениям» (эти изменения в таблицы уже внесены).
SELECT name_author
FROM 
    author INNER JOIN book
    on author.author_id = book.author_id
GROUP BY name_author
        HAVING COUNT(distinct(genre_id)) = 1;
-- 2.2.8
Вывести информацию о книгах (название книги, фамилию и инициалы автора, название жанра, цену и количество экземпляров книги), написанных в самых популярных жанрах, в отсортированном в алфавитном порядке по названию книг виде. Самым популярным считать жанр, общее количество экземпляров книг которого на складе максимально.
SELECT   title, name_author, name_genre, price, amount
FROM 
    book 
    INNER JOIN genre ON book.genre_id = genre.genre_id
    INNER JOIN author ON  book.author_id = author.author_id
WHERE genre.genre_id IN
         (SELECT query_in_1.genre_id
          FROM 
              (SELECT genre_id, SUM(amount) AS sum_amount
                FROM book
                GROUP BY genre_id
               )query_in_1
          INNER JOIN 
              ( SELECT genre_id, SUM(amount) AS sum_amount
                FROM book
                GROUP BY genre_id
                ORDER BY sum_amount DESC
                LIMIT 1
               ) query_in_2
          ON query_in_1.sum_amount= query_in_2.sum_amount
         ) ORDER BY title;   
-- 2.2.9
Если в таблицах supply  и book есть одинаковые книги, которые имеют равную цену,  вывести их название и автора, а также посчитать общее количество экземпляров книг в таблицах supply и book,  столбцы назвать Название, Автор  и Количество.
SELECT title AS Название, name_author AS Автор, SUM(book.amount + supply.amount) AS Количество
FROM supply
INNER JOIN book USING(price,title)
INNER JOIN author ON author.name_author = supply.author
GROUP BY author.name_author, book.title;
-- 2.2.10
Придумайте один или несколько запросов для таблиц book,  author, genre и city. Проверьте, правильно ли они работают.
При желании можно формулировку запросов  разместить в комментариях. 
Размещенные задания можно использовать для закрепления материала урока.
Оценивайте понравившиеся Вам запросы.
В последнем модуле создан отдельный урок, в котором мы разместим запросы, набравшие наибольшее количество лайков. 
SELECT title AS Название, name_author AS Автор, SUM(book.amount + supply.amount) AS Количество
FROM supply
INNER JOIN book USING(price,title)
INNER JOIN author ON author.name_author = supply.author
GROUP BY author.name_author, book.title;
-- 2.3.2
Для книг, которые уже есть на складе (в таблице book), но по другой цене, чем в поставке (supply),  необходимо в таблице book увеличить количество на значение, указанное в поставке,  и пересчитать цену. А в таблице  supply обнулить количество этих книг. Формула для пересчета цены:
UPDATE book
INNER JOIN author ON author.author_id = book.author_id
INNER JOIN supply ON book.title = supply.title
and supply.author = author.name_author
SET book.price = (book.price * book.amount + supply.price * supply.amount)/(book.amount + supply.amount) , book.amount = book.amount + supply.amount, supply.amount = 0
WHERE book.price <> supply.price;

SELECT * FROM book;

SELECT * FROM supply;
-- 2.3.3
Включить новых авторов в таблицу author с помощью запроса на добавление, а затем вывести все данные из таблицы author.  Новыми считаются авторы, которые есть в таблице supply, но нет в таблице author.
INsert into author (name_author)
SELECT supply.author
FROM  author
RIGHT JOIN supply on author.name_author = supply.author
WHERE name_author IS Null;

select * from author;
-- 2.3.4
Добавить новые книги из таблицы supply в таблицу book на основе сформированного выше запроса. Затем вывести для просмотра таблицу book.
INSERT INTO book(title, author_id, price, amount)
SELECT title, author_id, price, amount
FROM
author
INNER JOIN supply ON author.name_author = supply.author
WHERE amount <> 0;

SELECT * FROM book;
-- 2.3.5
Занести для книги «Стихотворения и поэмы» Лермонтова жанр «Поэзия», а для книги «Остров сокровищ» Стивенсона - «Приключения». (Использовать два запроса).
UPDATE book
SET genre_id = 
      (
       SELECT genre_id 
       FROM genre 
       WHERE name_genre = 'Поэзия'
      )
WHERE book_id = 10;

SELECT * FROM book;

UPDATE book
SET genre_id = 
      (
       SELECT genre_id 
       FROM genre 
       WHERE name_genre = 'Приключения'
      )
WHERE book_id = 11;

SELECT * FROM book;
-- 2.3.6
Удалить всех авторов и все их книги, общее количество книг которых меньше 20.
DELETE FROM author
WHERE author_id IN(
SELECT author_id
FROM book
GROUP BY author_id
HAVING SUM(amount) < 20
);
SELECT * FROM book;
-- 2.3.7
Удалить все жанры, к которым относится меньше 4-х книг. В таблице book для этих жанров установить значение Null.
DELETE FROM genre
WHERE genre_id IN(
SELECT genre_id
FROM book
GROUP BY genre_id
HAVING COUNT(book_id) < 4
);
SELECT * FROM book;

SELECT * FROM genre;
-- 2.3.8
Удалить всех авторов, которые пишут в жанре "Поэзия". Из таблицы book удалить все книги этих авторов. В запросе для отбора авторов использовать полное название жанра, а не его id.
DELETE FROM author 
USING 
    author
     INNER JOIN book ON author.author_id = book.author_id
     INNER JOIN genre ON genre.genre_id = book.genre_id
WHERE name_genre LIKE "Поэзия";

SELECT * FROM author;

SELECT * FROM book;
-- 2.3.9
Придумайте один или несколько запросов корректировки данных для таблиц book,  author, genre и supply . Проверьте, правильно ли они работают.
При желании можно формулировку запросов  разместить в комментариях. 
Размещенные задания можно использовать для закрепления материала урока.
Оценивайте понравившиеся Вам запросы.
В последнем модуле создан отдельный урок, в котором мы разместим запросы, набравшие наибольшее количество лайков. 
DELETE FROM author 
USING 
    author
     INNER JOIN book ON author.author_id = book.author_id
     INNER JOIN genre ON genre.genre_id = book.genre_id
WHERE name_genre LIKE "Поэзия";

SELECT * FROM author;

SELECT * FROM book;

-- 2.4.5
Вывести все заказы Баранова Павла (id заказа, какие книги, по какой цене и в каком количестве он заказал) в отсортированном по номеру заказа и названиям книг виде.
SELECT buy.buy_id,title,  price, buy_book.amount
FROM client INNER JOIN buy USING(client_id)
    INNER JOIN buy_book USING(buy_id)
    INNER JOIN book USING(book_id)
WHERE name_client = 'Баранов Павел'
ORDER BY buy_id, book.title;
-- 2.4.6
Посчитать, сколько раз была заказана каждая книга, для книги вывести ее автора (нужно посчитать, в каком количестве заказов фигурирует каждая книга).  Вывести фамилию и инициалы автора, название книги, последний столбец назвать Количество. Результат отсортировать сначала  по фамилиям авторов, а потом по названиям книг.
SELECT name_author, title, COUNT(buy_book.amount) AS Количество 
FROM author 
INNER JOIN book USING(author_id) 
LEFT JOIN buy_book USING(book_id) 
GROUP BY book.title, name_author 
ORDER BY name_author, title;
-- 2.4.7
Вывести города, в которых живут клиенты, оформлявшие заказы в интернет-магазине. Указать количество заказов в каждый город, этот столбец назвать Количество. Информацию вывести по убыванию количества заказов, а затем в алфавитном порядке по названию городов.
SELECT name_city, COUNT(buy_id) AS 'Количество' FROM 
city
inner join client ON city.city_id = client.city_id
inner join buy ON client.client_id = buy.client_id
group by  name_city 
ORDER BY name_city ASC;
-- 2.4.8
Вывести номера всех оплаченных заказов и даты, когда они были оплачены.
SELECT buy_id, date_step_end
FROM buy_step
WHERE step_id = 1 AND date_step_end IS NOT NULL
ORDER BY date_step_end;
-- 2.4.9
Вывести информацию о каждом заказе: его номер, кто его сформировал (фамилия пользователя) и его стоимость (сумма произведений количества заказанных книг и их цены), в отсортированном по номеру заказа виде. Последний столбец назвать Стоимость.
select buy_id,name_client,sum(book.price*buy_book.amount) as Стоимость
from buy_book
join buy using(buy_id)
JOIN client using(client_id)
join book using(book_id)
Group BY buy_id,name_client
  ORDER BY buy_id;
-- 2.4.10
Вывести номера заказов (buy_id) и названия этапов,  на которых они в данный момент находятся. Если заказ доставлен –  информацию о нем не выводить. Информацию отсортировать по возрастанию buy_id.
SELECT buy_id, name_step
FROM step INNER JOIN buy_step ON step.step_id = buy_step.step_id
WHERE date_step_beg IS NOT NULL AND date_step_end IS NULL
ORDER BY buy_id;
-- 2.4.11
В таблице city для каждого города указано количество дней, за которые заказ может быть доставлен в этот город (рассматривается только этап Транспортировка). Для тех заказов, которые прошли этап транспортировки, вывести количество дней за которое заказ реально доставлен в город. А также, если заказ доставлен с опозданием, указать количество дней задержки, в противном случае вывести 0. В результат включить номер заказа (buy_id), а также вычисляемые столбцы Количество_дней и Опоздание. Информацию вывести в отсортированном по номеру заказа виде.
SELECT
  buy_step.buy_id,
  datediff(date_step_end, date_step_beg) as 'Количество_дней',
  IF(days_delivery - datediff(date_step_end, date_step_beg)>0, 0,abs(days_delivery - datediff(date_step_end,           date_step_beg)))  as 'Опоздание'
FROM
  buy_step
  INNER JOIN step
  ON buy_step.step_id = step.step_id
  INNER JOIN buy
  ON buy_step.buy_id = buy.buy_id
  INNER JOIN client
  ON buy.client_id = client.client_id
  INNER JOIN city
  ON client.city_id = city.city_id
WHERE
  name_step IN ('Транспортировка')
  and
  date_step_end IS NOT NULL;
-- 2.4.12
Выбрать всех клиентов, которые заказывали книги Достоевского, информацию вывести в отсортированном по алфавиту виде. В решении используйте фамилию автора, а не его id.
select distinct name_client
from client
inner join buy using(client_id)
inner join buy_book using(buy_id)
inner join book using(book_id)
inner join author using(author_id)
where name_author like 'Достоевск%'
order by name_client;

-- 2.4.13
Вывести жанр (или жанры), в котором было заказано больше всего экземпляров книг, указать это количество. Последний столбец назвать Количество.
SELECT name_genre, Количество
FROM
    (SELECT name_genre, sum(amount_1) as Количество
        FROM (SELECT book_id, SUM(amount) AS amount_1
        FROM buy_book
        GROUP BY book_id) AS temp
        INNER JOIN book ON temp.book_id = book.book_id
        INNER JOIN genre ON book.genre_id = genre.genre_id
        GROUP BY name_genre) as k
        where k.Количество IN (SELECT MAX(t.Количество) as n
                               FROM( SELECT name_genre, sum(amount_1) as Количество
                               FROM (SELECT book_id, SUM(amount) AS amount_1
                               FROM buy_book
                               GROUP BY book_id) AS temp
                               INNER JOIN book ON temp.book_id = book.book_id
                               INNER JOIN genre ON book.genre_id = genre.genre_id
                               GROUP BY name_genre) as t);
-- 2.4.14
Сравнить ежемесячную выручку от продажи книг за текущий и предыдущий годы. Для этого вывести год, месяц, сумму выручки в отсортированном сначала по возрастанию месяцев, затем по возрастанию лет виде. Название столбцов: Год, Месяц, Сумма.
SELECT YEAR(date_payment) AS Год, MONTHNAME(date_payment)AS Месяц, SUM(price*amount) AS Сумма
FROM buy_archive
GROUP BY Год, Месяц
UNION
SELECT YEAR(date_step_end) AS Год, MONTHNAME(date_step_end)AS Месяц, SUM(price*buy_book.amount) AS Сумма
FROM buy_step
        INNER JOIN buy_book USING(buy_id)
    INNER JOIN book USING(book_id)
        where date_step_end is not null and step_id = 1
        GROUP BY Год, Месяц
        ORDER BY Месяц ASC, Год ASC;
-- 2.4.15
Для каждой отдельной книги необходимо вывести информацию о количестве проданных экземпляров и их стоимости за 2020 и 2019 год . Вычисляемые столбцы назвать Количество и Сумма. Информацию отсортировать по убыванию стоимости.
SELECT title, sum(Количество) as 'Количество', sum(Сумма) as 'Сумма'
FROM
(select title, sum(buy_archive.amount) as 'Количество', sum(buy_archive.price*buy_archive.amount) as 'Сумма' from buy_archive
JOIN book USING(book_id)
group by title
union all
select title, sum(buy_book.amount) as 'Количество', sum(price*buy_book.amount) as 'Сумма' from book
JOIN buy_book using (book_id)
JOIN buy_step using (buy_id)
JOIN step using (step_id)
where step.name_step = 'Оплата' and buy_step.date_step_end is not null
group by title) as query_in
group by title
order by Сумма desc  ;
-- 2.4.16
Придумайте один или несколько запросов на выборку для предметной области «Интернет-магазин книг» (в таблицы занесены данные, как на первом шаге урока). Проверьте, правильно ли они работают.
При желании можно формулировку запросов  разместить в комментариях. 
Размещенные задания можно использовать для закрепления материала урока.
Оценивайте понравившиеся Вам запросы.
В последнем модуле создан отдельный урок, в котором мы разместим запросы, набравшие наибольшее количество лайков.
SELECT title, sum(Количество) as 'Количество', sum(Сумма) as 'Сумма'
FROM
(select title, sum(buy_archive.amount) as 'Количество', sum(buy_archive.price*buy_archive.amount) as 'Сумма' from buy_archive
JOIN book USING(book_id)
group by title
union all
select title, sum(buy_book.amount) as 'Количество', sum(price*buy_book.amount) as 'Сумма' from book
JOIN buy_book using (book_id)
JOIN buy_step using (buy_id)
JOIN step using (step_id)
where step.name_step = 'Оплата' and buy_step.date_step_end is not null
group by title) as query_in
group by title
order by Сумма desc;
